SIN,Group
332510C,"Group 1 - 332510C Hardware Store, Home Improvement Center, Industrial or General Supply Store, or Industrial Maintenance Repair and Operations (MRO) Distributor – Catalog"
339113PA,Group 2 - 332999 Law Enforcement Personal Equipment
339940OS4,"Group 1 - 332510C Hardware Store, Home Improvement Center, Industrial or General Supply Store, or Industrial Maintenance Repair and Operations (MRO) Distributor – Catalog"
33411,Group 4 - 33411 Purchasing of new electronic equipment
511210,Group 4 - 33411 Purchasing of new electronic equipment
339940,"Group 1 - 332510C Hardware Store, Home Improvement Center, Industrial or General Supply Store, or Industrial Maintenance Repair and Operations (MRO) Distributor – Catalog"
54151ECOM,Group 4 - 33411 Purchasing of new electronic equipment
541519CDM,Group 4 - 33411 Purchasing of new electronic equipment
336991,"Group 1 - 332510C Hardware Store, Home Improvement Center, Industrial or General Supply Store, or Industrial Maintenance Repair and Operations (MRO) Distributor – Catalog"
332999,Group 2 - 332999 Law Enforcement Personal Equipment
324191,"Group 1 - 332510C Hardware Store, Home Improvement Center, Industrial or General Supply Store, or Industrial Maintenance Repair and Operations (MRO) Distributor – Catalog"
333316P,Group 3 - 333316P Photographic Supplies
333316C,Group 3 - 333316P Photographic Supplies
3PACK,"Group 1 - 332510C Hardware Store, Home Improvement Center, Industrial or General Supply Store, or Industrial Maintenance Repair and Operations (MRO) Distributor – Catalog"
325611,"Group 1 - 332510C Hardware Store, Home Improvement Center, Industrial or General Supply Store, or Industrial Maintenance Repair and Operations (MRO) Distributor – Catalog"
333921,"Group 1 - 332510C Hardware Store, Home Improvement Center, Industrial or General Supply Store, or Industrial Maintenance Repair and Operations (MRO) Distributor – Catalog"
339112,"Group 1 - 332510C Hardware Store, Home Improvement Center, Industrial or General Supply Store, or Industrial Maintenance Repair and Operations (MRO) Distributor – Catalog"
332999P,Group 2 - 332999 Law Enforcement Personal Equipment
811212,"Group 1 - 332510C Hardware Store, Home Improvement Center, Industrial or General Supply Store, or Industrial Maintenance Repair and Operations (MRO) Distributor – Catalog"
33721,"Group 1 - 332510C Hardware Store, Home Improvement Center, Industrial or General Supply Store, or Industrial Maintenance Repair and Operations (MRO) Distributor – Catalog"
339999S,Group 2 - 332999 Law Enforcement Personal Equipment
334118,Group 2 - 332999 Law Enforcement Personal Equipment
334515,"Group 1 - 332510C Hardware Store, Home Improvement Center, Industrial or General Supply Store, or Industrial Maintenance Repair and Operations (MRO) Distributor – Catalog"
325992,Group 3 - 333316P Photographic Supplies
811310,"Group 1 - 332510C Hardware Store, Home Improvement Center, Industrial or General Supply Store, or Industrial Maintenance Repair and Operations (MRO) Distributor – Catalog"
339113LAB,"Group 1 - 332510C Hardware Store, Home Improvement Center, Industrial or General Supply Store, or Industrial Maintenance Repair and Operations (MRO) Distributor – Catalog"
NEW,"Group 1 - 332510C Hardware Store, Home Improvement Center, Industrial or General Supply Store, or Industrial Maintenance Repair and Operations (MRO) Distributor – Catalog"
322291,"Group 1 - 332510C Hardware Store, Home Improvement Center, Industrial or General Supply Store, or Industrial Maintenance Repair and Operations (MRO) Distributor – Catalog"
335220E,"Group 1 - 332510C Hardware Store, Home Improvement Center, Industrial or General Supply Store, or Industrial Maintenance Repair and Operations (MRO) Distributor – Catalog"
333TOOL,"Group 1 - 332510C Hardware Store, Home Improvement Center, Industrial or General Supply Store, or Industrial Maintenance Repair and Operations (MRO) Distributor – Catalog"
333318T,"Group 1 - 332510C Hardware Store, Home Improvement Center, Industrial or General Supply Store, or Industrial Maintenance Repair and Operations (MRO) Distributor – Catalog"
3152,"Group 1 - 332510C Hardware Store, Home Improvement Center, Industrial or General Supply Store, or Industrial Maintenance Repair and Operations (MRO) Distributor – Catalog"
334310,"Group 1 - 332510C Hardware Store, Home Improvement Center, Industrial or General Supply Store, or Industrial Maintenance Repair and Operations (MRO) Distributor – Catalog"
4PL,"Group 1 - 332510C Hardware Store, Home Improvement Center, Industrial or General Supply Store, or Industrial Maintenance Repair and Operations (MRO) Distributor – Catalog"
333997,"Group 1 - 332510C Hardware Store, Home Improvement Center, Industrial or General Supply Store, or Industrial Maintenance Repair and Operations (MRO) Distributor – Catalog"
333241,"Group 1 - 332510C Hardware Store, Home Improvement Center, Industrial or General Supply Store, or Industrial Maintenance Repair and Operations (MRO) Distributor – Catalog"
335911,"Group 1 - 332510C Hardware Store, Home Improvement Center, Industrial or General Supply Store, or Industrial Maintenance Repair and Operations (MRO) Distributor – Catalog"
332216,Group 2 - 332999 Law Enforcement Personal Equipment
332311P,"Group 1 - 332510C Hardware Store, Home Improvement Center, Industrial or General Supply Store, or Industrial Maintenance Repair and Operations (MRO) Distributor – Catalog"
,"Group 1 - 332510C Hardware Store, Home Improvement Center, Industrial or General Supply Store, or Industrial Maintenance Repair and Operations (MRO) Distributor – Catalog"
54151,Group 4 - 33411 Purchasing of new electronic equipment
334511T,"Group 1 - 332510C Hardware Store, Home Improvement Center, Industrial or General Supply Store, or Industrial Maintenance Repair and Operations (MRO) Distributor – Catalog"
334519,Group 2 - 332999 Law Enforcement Personal Equipment
333415HVAC,"Group 1 - 332510C Hardware Store, Home Improvement Center, Industrial or General Supply Store, or Industrial Maintenance Repair and Operations (MRO) Distributor – Catalog"
314120,Group 2 - 332999 Law Enforcement Personal Equipment
339920S,Group 5 - 339920S Sporting Goods Equipment and Supplies
811310MR,"Group 1 - 332510C Hardware Store, Home Improvement Center, Industrial or General Supply Store, or Industrial Maintenance Repair and Operations (MRO) Distributor – Catalog"
334290L,"Group 1 - 332510C Hardware Store, Home Improvement Center, Industrial or General Supply Store, or Industrial Maintenance Repair and Operations (MRO) Distributor – Catalog"
334290,"Group 1 - 332510C Hardware Store, Home Improvement Center, Industrial or General Supply Store, or Industrial Maintenance Repair and Operations (MRO) Distributor – Catalog"
333249,Group 3 - 333316P Photographic Supplies
332999BMS,"Group 1 - 332510C Hardware Store, Home Improvement Center, Industrial or General Supply Store, or Industrial Maintenance Repair and Operations (MRO) Distributor – Catalog"
339113R,"Group 1 - 332510C Hardware Store, Home Improvement Center, Industrial or General Supply Store, or Industrial Maintenance Repair and Operations (MRO) Distributor – Catalog"
335220D,"Group 1 - 332510C Hardware Store, Home Improvement Center, Industrial or General Supply Store, or Industrial Maintenance Repair and Operations (MRO) Distributor – Catalog"
334513,"Group 1 - 332510C Hardware Store, Home Improvement Center, Industrial or General Supply Store, or Industrial Maintenance Repair and Operations (MRO) Distributor – Catalog"
336320,Group 2 - 332999 Law Enforcement Personal Equipment
3361V,"Group 1 - 332510C Hardware Store, Home Improvement Center, Industrial or General Supply Store, or Industrial Maintenance Repair and Operations (MRO) Distributor – Catalog"
333912,"Group 1 - 332510C Hardware Store, Home Improvement Center, Industrial or General Supply Store, or Industrial Maintenance Repair and Operations (MRO) Distributor – Catalog"
334511,Group 2 - 332999 Law Enforcement Personal Equipment
337215,Group 2 - 332999 Law Enforcement Personal Equipment
337121H,"Group 1 - 332510C Hardware Store, Home Improvement Center, Industrial or General Supply Store, or Industrial Maintenance Repair and Operations (MRO) Distributor – Catalog"
322220,"Group 1 - 332510C Hardware Store, Home Improvement Center, Industrial or General Supply Store, or Industrial Maintenance Repair and Operations (MRO) Distributor – Catalog"
335999,Group 4 - 33411 Purchasing of new electronic equipment
336612,"Group 1 - 332510C Hardware Store, Home Improvement Center, Industrial or General Supply Store, or Industrial Maintenance Repair and Operations (MRO) Distributor – Catalog"
3363P,"Group 1 - 332510C Hardware Store, Home Improvement Center, Industrial or General Supply Store, or Industrial Maintenance Repair and Operations (MRO) Distributor – Catalog"
511130,Group 6 - 511130 Books and Pamphlets
336611,"Group 1 - 332510C Hardware Store, Home Improvement Center, Industrial or General Supply Store, or Industrial Maintenance Repair and Operations (MRO) Distributor – Catalog"
335220,"Group 1 - 332510C Hardware Store, Home Improvement Center, Industrial or General Supply Store, or Industrial Maintenance Repair and Operations (MRO) Distributor – Catalog"
325998,"Group 1 - 332510C Hardware Store, Home Improvement Center, Industrial or General Supply Store, or Industrial Maintenance Repair and Operations (MRO) Distributor – Catalog"
333314NV,Group 2 - 332999 Law Enforcement Personal Equipment
3FIRE,"Group 1 - 332510C Hardware Store, Home Improvement Center, Industrial or General Supply Store, or Industrial Maintenance Repair and Operations (MRO) Distributor – Catalog"
33512,Group 4 - 33411 Purchasing of new electronic equipment
311423,"Group 1 - 332510C Hardware Store, Home Improvement Center, Industrial or General Supply Store, or Industrial Maintenance Repair and Operations (MRO) Distributor – Catalog"
334516,"Group 1 - 332510C Hardware Store, Home Improvement Center, Industrial or General Supply Store, or Industrial Maintenance Repair and Operations (MRO) Distributor – Catalog"
339999ASB,"Group 1 - 332510C Hardware Store, Home Improvement Center, Industrial or General Supply Store, or Industrial Maintenance Repair and Operations (MRO) Distributor – Catalog"
517410,Group 4 - 33411 Purchasing of new electronic equipment
325412,Group 2 - 332999 Law Enforcement Personal Equipment
339950,"Group 1 - 332510C Hardware Store, Home Improvement Center, Industrial or General Supply Store, or Industrial Maintenance Repair and Operations (MRO) Distributor – Catalog"
334519ENV,"Group 1 - 332510C Hardware Store, Home Improvement Center, Industrial or General Supply Store, or Industrial Maintenance Repair and Operations (MRO) Distributor – Catalog"
334220,Group 2 - 332999 Law Enforcement Personal Equipment
334512,"Group 1 - 332510C Hardware Store, Home Improvement Center, Industrial or General Supply Store, or Industrial Maintenance Repair and Operations (MRO) Distributor – Catalog"
337127,"Group 1 - 332510C Hardware Store, Home Improvement Center, Industrial or General Supply Store, or Industrial Maintenance Repair and Operations (MRO) Distributor – Catalog"
ANCILLARY,"Group 1 - 332510C Hardware Store, Home Improvement Center, Industrial or General Supply Store, or Industrial Maintenance Repair and Operations (MRO) Distributor – Catalog"
325998W,"Group 1 - 332510C Hardware Store, Home Improvement Center, Industrial or General Supply Store, or Industrial Maintenance Repair and Operations (MRO) Distributor – Catalog"
518210ERM,"Group 1 - 332510C Hardware Store, Home Improvement Center, Industrial or General Supply Store, or Industrial Maintenance Repair and Operations (MRO) Distributor – Catalog"
333415REM,"Group 1 - 332510C Hardware Store, Home Improvement Center, Industrial or General Supply Store, or Industrial Maintenance Repair and Operations (MRO) Distributor – Catalog"
339920,"Group 1 - 332510C Hardware Store, Home Improvement Center, Industrial or General Supply Store, or Industrial Maintenance Repair and Operations (MRO) Distributor – Catalog"
518210C,Group 4 - 33411 Purchasing of new electronic equipment
336992,"Group 1 - 332510C Hardware Store, Home Improvement Center, Industrial or General Supply Store, or Industrial Maintenance Repair and Operations (MRO) Distributor – Catalog"
332439,"Group 1 - 332510C Hardware Store, Home Improvement Center, Industrial or General Supply Store, or Industrial Maintenance Repair and Operations (MRO) Distributor – Catalog"
561499M,"Group 1 - 332510C Hardware Store, Home Improvement Center, Industrial or General Supply Store, or Industrial Maintenance Repair and Operations (MRO) Distributor – Catalog"
333924,"Group 1 - 332510C Hardware Store, Home Improvement Center, Industrial or General Supply Store, or Industrial Maintenance Repair and Operations (MRO) Distributor – Catalog"
336999,"Group 1 - 332510C Hardware Store, Home Improvement Center, Industrial or General Supply Store, or Industrial Maintenance Repair and Operations (MRO) Distributor – Catalog"
541519PIV,Group 4 - 33411 Purchasing of new electronic equipment
333922,"Group 1 - 332510C Hardware Store, Home Improvement Center, Industrial or General Supply Store, or Industrial Maintenance Repair and Operations (MRO) Distributor – Catalog"
333318F,"Group 1 - 332510C Hardware Store, Home Improvement Center, Industrial or General Supply Store, or Industrial Maintenance Repair and Operations (MRO) Distributor – Catalog"
333112,"Group 1 - 332510C Hardware Store, Home Improvement Center, Industrial or General Supply Store, or Industrial Maintenance Repair and Operations (MRO) Distributor – Catalog"
333318TDTM,"Group 1 - 332510C Hardware Store, Home Improvement Center, Industrial or General Supply Store, or Industrial Maintenance Repair and Operations (MRO) Distributor – Catalog"
339994,"Group 1 - 332510C Hardware Store, Home Improvement Center, Industrial or General Supply Store, or Industrial Maintenance Repair and Operations (MRO) Distributor – Catalog"
333415,Group 4 - 33411 Purchasing of new electronic equipment
316210,"Group 1 - 332510C Hardware Store, Home Improvement Center, Industrial or General Supply Store, or Industrial Maintenance Repair and Operations (MRO) Distributor – Catalog"
333923S,"Group 1 - 332510C Hardware Store, Home Improvement Center, Industrial or General Supply Store, or Industrial Maintenance Repair and Operations (MRO) Distributor – Catalog"
326199,"Group 1 - 332510C Hardware Store, Home Improvement Center, Industrial or General Supply Store, or Industrial Maintenance Repair and Operations (MRO) Distributor – Catalog"
541611MPS,Group 3 - 333316P Photographic Supplies
339113H,"Group 1 - 332510C Hardware Store, Home Improvement Center, Industrial or General Supply Store, or Industrial Maintenance Repair and Operations (MRO) Distributor – Catalog"
333120,"Group 1 - 332510C Hardware Store, Home Improvement Center, Industrial or General Supply Store, or Industrial Maintenance Repair and Operations (MRO) Distributor – Catalog"
33721SBSA,"Group 1 - 332510C Hardware Store, Home Improvement Center, Industrial or General Supply Store, or Industrial Maintenance Repair and Operations (MRO) Distributor – Catalog"
315210,"Group 1 - 332510C Hardware Store, Home Improvement Center, Industrial or General Supply Store, or Industrial Maintenance Repair and Operations (MRO) Distributor – Catalog"
333318,Group 4 - 33411 Purchasing of new electronic equipment
532490ESA,"Group 1 - 332510C Hardware Store, Home Improvement Center, Industrial or General Supply Store, or Industrial Maintenance Repair and Operations (MRO) Distributor – Catalog"
332215T,"Group 1 - 332510C Hardware Store, Home Improvement Center, Industrial or General Supply Store, or Industrial Maintenance Repair and Operations (MRO) Distributor – Catalog"
325612,"Group 1 - 332510C Hardware Store, Home Improvement Center, Industrial or General Supply Store, or Industrial Maintenance Repair and Operations (MRO) Distributor – Catalog"
337215SBSA,"Group 1 - 332510C Hardware Store, Home Improvement Center, Industrial or General Supply Store, or Industrial Maintenance Repair and Operations (MRO) Distributor – Catalog"
339999F,"Group 1 - 332510C Hardware Store, Home Improvement Center, Industrial or General Supply Store, or Industrial Maintenance Repair and Operations (MRO) Distributor – Catalog"
333914,"Group 1 - 332510C Hardware Store, Home Improvement Center, Industrial or General Supply Store, or Industrial Maintenance Repair and Operations (MRO) Distributor – Catalog"
326220,"Group 1 - 332510C Hardware Store, Home Improvement Center, Industrial or General Supply Store, or Industrial Maintenance Repair and Operations (MRO) Distributor – Catalog"
334290PACS,Group 4 - 33411 Purchasing of new electronic equipment
339992,"Group 1 - 332510C Hardware Store, Home Improvement Center, Industrial or General Supply Store, or Industrial Maintenance Repair and Operations (MRO) Distributor – Catalog"
332913,"Group 1 - 332510C Hardware Store, Home Improvement Center, Industrial or General Supply Store, or Industrial Maintenance Repair and Operations (MRO) Distributor – Catalog"
611420,Group 4 - 33411 Purchasing of new electronic equipment
336413,Group 2 - 332999 Law Enforcement Personal Equipment
532310,"Group 1 - 332510C Hardware Store, Home Improvement Center, Industrial or General Supply Store, or Industrial Maintenance Repair and Operations (MRO) Distributor – Catalog"
332510S,"Group 1 - 332510C Hardware Store, Home Improvement Center, Industrial or General Supply Store, or Industrial Maintenance Repair and Operations (MRO) Distributor – Catalog"
3361E,"Group 1 - 332510C Hardware Store, Home Improvement Center, Industrial or General Supply Store, or Industrial Maintenance Repair and Operations (MRO) Distributor – Catalog"
339113G,"Group 1 - 332510C Hardware Store, Home Improvement Center, Industrial or General Supply Store, or Industrial Maintenance Repair and Operations (MRO) Distributor – Catalog"
333314,Group 4 - 33411 Purchasing of new electronic equipment
327910,"Group 1 - 332510C Hardware Store, Home Improvement Center, Industrial or General Supply Store, or Industrial Maintenance Repair and Operations (MRO) Distributor – Catalog"
332311,"Group 1 - 332510C Hardware Store, Home Improvement Center, Industrial or General Supply Store, or Industrial Maintenance Repair and Operations (MRO) Distributor – Catalog"
611430ST,"Group 1 - 332510C Hardware Store, Home Improvement Center, Industrial or General Supply Store, or Industrial Maintenance Repair and Operations (MRO) Distributor – Catalog"
812910,Group 2 - 332999 Law Enforcement Personal Equipment
33721T,"Group 1 - 332510C Hardware Store, Home Improvement Center, Industrial or General Supply Store, or Industrial Maintenance Repair and Operations (MRO) Distributor – Catalog"
33712,"Group 1 - 332510C Hardware Store, Home Improvement Center, Industrial or General Supply Store, or Industrial Maintenance Repair and Operations (MRO) Distributor – Catalog"
33611,"Group 1 - 332510C Hardware Store, Home Improvement Center, Industrial or General Supply Store, or Industrial Maintenance Repair and Operations (MRO) Distributor – Catalog"
325320,"Group 1 - 332510C Hardware Store, Home Improvement Center, Industrial or General Supply Store, or Industrial Maintenance Repair and Operations (MRO) Distributor – Catalog"
337127LFSB,"Group 1 - 332510C Hardware Store, Home Improvement Center, Industrial or General Supply Store, or Industrial Maintenance Repair and Operations (MRO) Distributor – Catalog"
321920,"Group 1 - 332510C Hardware Store, Home Improvement Center, Industrial or General Supply Store, or Industrial Maintenance Repair and Operations (MRO) Distributor – Catalog"
337127TLSB,"Group 1 - 332510C Hardware Store, Home Improvement Center, Industrial or General Supply Store, or Industrial Maintenance Repair and Operations (MRO) Distributor – Catalog"
335210,"Group 1 - 332510C Hardware Store, Home Improvement Center, Industrial or General Supply Store, or Industrial Maintenance Repair and Operations (MRO) Distributor – Catalog"
333244,Group 3 - 333316P Photographic Supplies
333316M,Group 3 - 333316P Photographic Supplies
321918,"Group 1 - 332510C Hardware Store, Home Improvement Center, Industrial or General Supply Store, or Industrial Maintenance Repair and Operations (MRO) Distributor – Catalog"
3FURNISH,"Group 1 - 332510C Hardware Store, Home Improvement Center, Industrial or General Supply Store, or Industrial Maintenance Repair and Operations (MRO) Distributor – Catalog"
332999S,Group 2 - 332999 Law Enforcement Personal Equipment
532490L,"Group 1 - 332510C Hardware Store, Home Improvement Center, Industrial or General Supply Store, or Industrial Maintenance Repair and Operations (MRO) Distributor – Catalog"
611430TTS,"Group 1 - 332510C Hardware Store, Home Improvement Center, Industrial or General Supply Store, or Industrial Maintenance Repair and Operations (MRO) Distributor – Catalog"
314110,"Group 1 - 332510C Hardware Store, Home Improvement Center, Industrial or General Supply Store, or Industrial Maintenance Repair and Operations (MRO) Distributor – Catalog"
339930,"Group 1 - 332510C Hardware Store, Home Improvement Center, Industrial or General Supply Store, or Industrial Maintenance Repair and Operations (MRO) Distributor – Catalog"
336612R,"Group 1 - 332510C Hardware Store, Home Improvement Center, Industrial or General Supply Store, or Industrial Maintenance Repair and Operations (MRO) Distributor – Catalog"
54151S,Group 4 - 33411 Purchasing of new electronic equipment
541330L,"Group 1 - 332510C Hardware Store, Home Improvement Center, Industrial or General Supply Store, or Industrial Maintenance Repair and Operations (MRO) Distributor – Catalog"
33721P,"Group 1 - 332510C Hardware Store, Home Improvement Center, Industrial or General Supply Store, or Industrial Maintenance Repair and Operations (MRO) Distributor – Catalog"
337127CFSB,"Group 1 - 332510C Hardware Store, Home Improvement Center, Industrial or General Supply Store, or Industrial Maintenance Repair and Operations (MRO) Distributor – Catalog"
339920PARK,"Group 1 - 332510C Hardware Store, Home Improvement Center, Industrial or General Supply Store, or Industrial Maintenance Repair and Operations (MRO) Distributor – Catalog"
337122OSB,"Group 1 - 332510C Hardware Store, Home Improvement Center, Industrial or General Supply Store, or Industrial Maintenance Repair and Operations (MRO) Distributor – Catalog"
339999E,Group 2 - 332999 Law Enforcement Personal Equipment
332312F,"Group 1 - 332510C Hardware Store, Home Improvement Center, Industrial or General Supply Store, or Industrial Maintenance Repair and Operations (MRO) Distributor – Catalog"
333999,Group 2 - 332999 Law Enforcement Personal Equipment
332312,"Group 1 - 332510C Hardware Store, Home Improvement Center, Industrial or General Supply Store, or Industrial Maintenance Repair and Operations (MRO) Distributor – Catalog"
811212SA,"Group 1 - 332510C Hardware Store, Home Improvement Center, Industrial or General Supply Store, or Industrial Maintenance Repair and Operations (MRO) Distributor – Catalog"
332321,"Group 1 - 332510C Hardware Store, Home Improvement Center, Industrial or General Supply Store, or Industrial Maintenance Repair and Operations (MRO) Distributor – Catalog"
337127CSB,"Group 1 - 332510C Hardware Store, Home Improvement Center, Industrial or General Supply Store, or Industrial Maintenance Repair and Operations (MRO) Distributor – Catalog"
238160,"Group 1 - 332510C Hardware Store, Home Improvement Center, Industrial or General Supply Store, or Industrial Maintenance Repair and Operations (MRO) Distributor – Catalog"
541370GEO,Group 4 - 33411 Purchasing of new electronic equipment
332439MLB,"Group 1 - 332510C Hardware Store, Home Improvement Center, Industrial or General Supply Store, or Industrial Maintenance Repair and Operations (MRO) Distributor – Catalog"
5191M,"Group 1 - 332510C Hardware Store, Home Improvement Center, Industrial or General Supply Store, or Industrial Maintenance Repair and Operations (MRO) Distributor – Catalog"
331315A,"Group 1 - 332510C Hardware Store, Home Improvement Center, Industrial or General Supply Store, or Industrial Maintenance Repair and Operations (MRO) Distributor – Catalog"
511120,"Group 1 - 332510C Hardware Store, Home Improvement Center, Industrial or General Supply Store, or Industrial Maintenance Repair and Operations (MRO) Distributor – Catalog"
333414,"Group 1 - 332510C Hardware Store, Home Improvement Center, Industrial or General Supply Store, or Industrial Maintenance Repair and Operations (MRO) Distributor – Catalog"
337127INT,"Group 1 - 332510C Hardware Store, Home Improvement Center, Industrial or General Supply Store, or Industrial Maintenance Repair and Operations (MRO) Distributor – Catalog"
337127CISB,"Group 1 - 332510C Hardware Store, Home Improvement Center, Industrial or General Supply Store, or Industrial Maintenance Repair and Operations (MRO) Distributor – Catalog"
517312,Group 4 - 33411 Purchasing of new electronic equipment
332994,Group 2 - 332999 Law Enforcement Personal Equipment
314110SBSA,"Group 1 - 332510C Hardware Store, Home Improvement Center, Industrial or General Supply Store, or Industrial Maintenance Repair and Operations (MRO) Distributor – Catalog"
336350,"Group 1 - 332510C Hardware Store, Home Improvement Center, Industrial or General Supply Store, or Industrial Maintenance Repair and Operations (MRO) Distributor – Catalog"
